Description,Quantity,Price,Customer ID
WHITE HANGING HEART T-LIGHT HOLDER,6,2.55,17850
WHITE METAL LANTERN,6,3.39,17850
CREAM CUPID HEARTS COAT HANGER,8,2.75,17850
KNITTED UNION FLAG HOT WATER BOTTLE,6,3.39,17850
RED WOOLLY HOTTIE WHITE HEART.,6,3.39,17850
SET 7 BABUSHKA NESTING BOXES,2,7.65,17850
GLASS STAR FROSTED T-LIGHT HOLDER,6,4.25,17850
HAND WARMER UNION JACK,6,1.85,17850
HAND WARMER RED POLKA DOT,6,1.85,17850
JAM MAKING SET WITH JARS,6,4.25,13047
RED COAT RACK PARIS FASHION,3,4.95,13047
YELLOW COAT RACK PARIS FASHION,3,4.95,13047
BLUE COAT RACK PARIS FASHION,3,4.95,13047
ASSORTED COLOUR BIRD ORNAMENT,32,1.69,13047
POPPY'S PLAYHOUSE BEDROOM ,6,2.1,13047
POPPY'S PLAYHOUSE KITCHEN,6,2.1,13047
FELTCRAFT PRINCESS CHARLOTTE DOLL,8,3.75,13047
IVORY KNITTED MUG COSY ,6,1.65,13047
BOX OF 6 ASSORTED COLOUR TEASPOONS,6,4.25,13047
BOX OF VINTAGE JIGSAW BLOCKS ,3,4.95,13047
BOX OF VINTAGE ALPHABET BLOCKS,2,9.95,13047
HOME BUILDING BLOCK WORD,3,5.95,13047
LOVE BUILDING BLOCK WORD,3,5.95,13047
RECIPE BOX WITH METAL HEART,4,7.95,13047
DOORMAT NEW ENGLAND,4,7.95,13047
BATH BUILDING BLOCK WORD,3,5.95,13047
ALARM CLOCK BAKELIKE PINK,24,3.75,12583
ALARM CLOCK BAKELIKE RED ,24,3.75,12583
ALARM CLOCK BAKELIKE GREEN,12,3.75,12583
PANDA AND BUNNIES STICKER SHEET,12,0.85,12583
STARS GIFT TAPE ,24,0.65,12583
INFLATABLE POLITICAL GLOBE ,48,0.85,12583
VINTAGE HEADS AND TAILS CARD GAME ,24,1.25,12583
SET/2 RED RETROSPOT TEA TOWELS ,18,2.95,12583
ROUND SNACK BOXES SET OF4 WOODLAND ,24,2.95,12583
SPACEBOY LUNCH BOX ,24,1.95,12583
LUNCH BOX I LOVE LONDON,24,1.95,12583
CIRCUS PARADE LUNCH BOX ,24,1.95,12583
CHARLOTTE BAG DOLLY GIRL DESIGN,20,0.85,12583
RED TOADSTOOL LED NIGHT LIGHT,24,1.65,12583
 SET 2 TEA TOWELS I LOVE LONDON ,24,2.95,12583
VINTAGE SEASIDE JIGSAW PUZZLES,12,3.75,12583
MINI JIGSAW CIRCUS PARADE ,24,0.42,12583
MINI JIGSAW SPACEBOY,24,0.42,12583
MINI PAINT SET VINTAGE ,36,0.65,12583
POSTAGE,3,18,12583
PAPER CHAIN KIT 50'S CHRISTMAS ,80,2.55,13748
HAND WARMER RED POLKA DOT,6,1.85,17850
HAND WARMER UNION JACK,6,1.85,17850
WHITE HANGING HEART T-LIGHT HOLDER,6,2.55,17850
WHITE METAL LANTERN,6,3.39,17850
CREAM CUPID HEARTS COAT HANGER,8,2.75,17850
EDWARDIAN PARASOL RED,6,4.95,17850
RETRO COFFEE MUGS ASSORTED,6,1.06,17850
SAVE THE PLANET MUG,6,1.06,17850
VINTAGE BILLBOARD DRINK ME MUG,6,1.06,17850
VINTAGE BILLBOARD LOVE/HATE MUG,6,1.06,17850
WOOD 2 DRAWER CABINET WHITE FINISH,2,4.95,17850
WOOD S/3 CABINET ANT WHITE FINISH,4,6.95,17850
WOODEN PICTURE FRAME WHITE FINISH,6,2.1,17850
WOODEN FRAME ANTIQUE WHITE ,6,2.55,17850
KNITTED UNION FLAG HOT WATER BOTTLE,6,3.39,17850
RED WOOLLY HOTTIE WHITE HEART.,6,3.39,17850
SET 7 BABUSHKA NESTING BOXES,2,7.65,17850
GLASS STAR FROSTED T-LIGHT HOLDER,6,4.25,17850
VICTORIAN SEWING BOX LARGE,32,10.95,15100
WHITE HANGING HEART T-LIGHT HOLDER,6,2.55,17850
WHITE METAL LANTERN,6,3.39,17850
CREAM CUPID HEARTS COAT HANGER,8,2.75,17850
EDWARDIAN PARASOL RED,6,4.95,17850
RETRO COFFEE MUGS ASSORTED,6,1.06,17850
SAVE THE PLANET MUG,6,1.06,17850
VINTAGE BILLBOARD DRINK ME MUG,6,1.06,17850
VINTAGE BILLBOARD LOVE/HATE MUG,6,1.06,17850
WOOD 2 DRAWER CABINET WHITE FINISH,2,4.95,17850
WOOD S/3 CABINET ANT WHITE FINISH,4,6.95,17850
WOODEN PICTURE FRAME WHITE FINISH,6,2.1,17850
WOODEN FRAME ANTIQUE WHITE ,6,2.55,17850
KNITTED UNION FLAG HOT WATER BOTTLE,6,3.39,17850
RED WOOLLY HOTTIE WHITE HEART.,6,3.39,17850
SET 7 BABUSHKA NESTING BOXES,2,7.65,17850
GLASS STAR FROSTED T-LIGHT HOLDER,6,4.25,17850
HOT WATER BOTTLE TEA AND SYMPATHY,48,3.45,15291
RED HANGING HEART T-LIGHT HOLDER,64,2.55,15291
HAND WARMER RED POLKA DOT,6,1.85,17850
HAND WARMER UNION JACK,6,1.85,17850
JUMBO BAG PINK POLKADOT,10,1.95,14688
JUMBO  BAG BAROQUE BLACK WHITE,10,1.95,14688
JUMBO BAG CHARLIE AND LOLA TOYS,10,2.95,14688
STRAWBERRY CHARLOTTE BAG,10,0.85,14688
RED 3 PIECE RETROSPOT CUTLERY SET,12,3.75,14688
BLUE 3 PIECE POLKADOT CUTLERY SET,6,3.75,14688
SET/6 RED SPOTTY PAPER PLATES,12,0.85,14688
LUNCH BAG RED RETROSPOT,10,1.65,14688
STRAWBERRY LUNCH BOX WITH CUTLERY,6,2.55,14688
LUNCH BOX WITH CUTLERY RETROSPOT ,6,2.55,14688
PACK OF 72 RETROSPOT CAKE CASES,120,0.42,14688
PACK OF 60 DINOSAUR CAKE CASES,24,0.55,14688
PACK OF 60 PINK PAISLEY CAKE CASES,24,0.55,14688
60 TEATIME FAIRY CAKE CASES,24,0.55,14688